file_name,num_profiles,mean_distance_cm,median_distance_cm,std_dev_cm,min_distance_cm,max_distance_cm
recording.wav,19,436.2343201754386,444.828125,46.868119948376226,377.29999999999995,494.4916666666667
raw_recording.pcm,13,427.3483173076923,430.1791666666667,21.348220206680498,386.58958333333334,458.7625
